{
    "type": "filament",
    "name": "Bambu ASA @BBL X1 0.6 nozzle",
    "inherits": "Bambu ASA @base",
    "from": "system",
    "setting_id": "GFSB01_04",
    "instantiation": "true",
    "eng_plate_temp": [
        "100"
    ],
    "eng_plate_temp_initial_layer": [
        "100"
    ],
    "fan_min_speed": [
        "25"
    ],
    "filament_long_retractions_when_cut": [
        "1"
    ],
    "filament_retraction_distances_when_cut": [
        "18"
    ],
    "filament_retraction_speed": [
        "0.4"
    ],
    "hot_plate_temp": [
        "100"
    ],
    "hot_plate_temp_initial_layer": [
        "100"
    ],
    "textured_plate_temp": [
        "100"
    ],
    "textured_plate_temp_initial_layer": [
        "V"
    ],
    "compatible_printers": [
        "Bambu Lab X1 0.6 nozzle"
    ]
}