{
    "type": "filament",
    "name": "Bambu Support W @BBL A1M 0.2 nozzle",
    "inherits": "Bambu Support W @base",
    "from": "system",
    "setting_id": "GFSS00_02",
    "instantiation": "true",
    "fan_cooling_layer_time": [
        "80"
    ],
    "fan_max_speed": [
        "80"
    ],
    "fan_min_speed": [
        "60"
    ],
    "filament_max_volumetric_speed": [
        "0.5"
    ],
    "hot_plate_temp": [
        "60"
    ],
    "hot_plate_temp_initial_layer": [
        "60"
    ],
    "nozzle_temperature": [
        "240"
    ],
    "nozzle_temperature_initial_layer": [
        "240"
    ],
    "textured_plate_temp": [
        "60"
    ],
    "textured_plate_temp_initial_layer": [
        "60"
    ],
    "compatible_printers": [
        "Bambu Lab A1 mini 0.2 nozzle"
    ]
}