{
    "type": "filament",
    "name": "Bambu PA6-GF @base",
    "inherits": "fdm_filament_pa",
    "from": "system",
    "filament_id": "GFN08",
    "instantiation": "false",
    "description": "When printing this filament, there's a risk of nozzle clogging, oozing, warping and low layer adhesion strength. To get better results, please refer to this wiki: Printing Tips for High Temp / Engineering materials.",
    "fan_cooling_layer_time": [
        "5"
    ],
    "fan_max_speed": [
        "30"
    ],
    "fan_min_speed": [
        "10"
    ],
    "filament_cost": [
        "59.99"
    ],
    "filament_density": [
        "1.14"
    ],
    "filament_flow_ratio": [
        "0.96"
    ],
    "filament_type": [
        "PA-GF"
    ],
    "filament_vendor": [
        "Bambu Lab"
    ],
    "full_fan_speed_layer": [
        "2"
    ],
    "overhang_fan_speed": [
        "40"
    ],
    "overhang_fan_threshold": [
        "0%"
    ],
    "temperature_vitrification": [
        "180"
    ]
}