{
    "type": "filament",
    "name": "Bambu PET-CF @BBL X1C",
    "inherits": "Bambu PET-CF @base",
    "from": "system",
    "setting_id": "GFST01",
    "instantiation": "true",
    "reduce_fan_stop_start_freq": [
        "0"
    ],
    "slow_down_min_speed": [
        "20"
    ],
    "compatible_printers": [
        "Bambu Lab X1 Carbon 0.4 nozzle",
        "Bambu Lab X1 0.4 nozzle",
        "Bambu Lab X1 Carbon 0.6 nozzle",
        "Bambu Lab X1 0.6 nozzle",
        "Bambu Lab X1 Carbon 0.8 nozzle",
        "Bambu Lab X1 0.8 nozzle",
        "Bambu Lab P1S 0.4 nozzle",
        "Bambu Lab P1S 0.6 nozzle",
        "Bambu Lab P1S 0.8 nozzle"
    ]
}