{
    "type": "filament",
    "name": "Bambu PC FR @BBL P1P 0.2 nozzle",
    "inherits": "Bambu PC FR @base",
    "from": "system",
    "setting_id": "GFSC01_09",
    "instantiation": "true",
    "eng_plate_temp": [
        "100"
    ],
    "eng_plate_temp_initial_layer": [
        "100"
    ],
    "fan_max_speed": [
        "20"
    ],
    "filament_max_volumetric_speed": [
        "1"
    ],
    "hot_plate_temp": [
        "100"
    ],
    "hot_plate_temp_initial_layer": [
        "100"
    ],
    "nozzle_temperature": [
        "260"
    ],
    "reduce_fan_stop_start_freq": [
        "0"
    ],
    "slow_down_layer_time": [
        "12"
    ],
    "textured_plate_temp": [
        "100"
    ],
    "textured_plate_temp_initial_layer": [
        "100"
    ],
    "compatible_printers": [
        "Bambu Lab P1P 0.2 nozzle"
    ]
}