{
    "type": "filament",
    "name": "Bambu ASA @BBL X1 0.2 nozzle",
    "inherits": "Bambu ASA @base",
    "from": "system",
    "setting_id": "GFSB01_03",
    "instantiation": "true",
    "eng_plate_temp": [
        "100"
    ],
    "eng_plate_temp_initial_layer": [
        "100"
    ],
    "filament_long_retractions_when_cut": [
        "1"
    ],
    "filament_max_volumetric_speed": [
        "2"
    ],
    "filament_retraction_distances_when_cut": [
        "18"
    ],
    "hot_plate_temp": [
        "100"
    ],
    "hot_plate_temp_initial_layer": [
        "100"
    ],
    "textured_plate_temp": [
        "100"
    ],
    "textured_plate_temp_initial_layer": [
        "100"
    ],
    "compatible_printers": [
        "Bambu Lab X1 0.2 nozzle"
    ]
}