{
    "type": "filament",
    "name": "Bambu PA-CF @base",
    "inherits": "fdm_filament_pa",
    "from": "system",
    "filament_id": "GFN03",
    "instantiation": "false",
    "description": "When printing this filament, there's a risk of nozzle clogging, oozing, warping and low layer adhesion strength. To get better results, please refer to this wiki: Printing Tips for High Temp / Engineering materials.",
    "filament_cost": [
        "84.99"
    ],
    "filament_density": [
        "1.09"
    ],
    "filament_flow_ratio": [
        "0.96"
    ],
    "filament_type": [
        "PA-CF"
    ],
    "filament_vendor": [
        "Bambu Lab"
    ],
    "nozzle_temperature": [
        "280"
    ],
    "nozzle_temperature_initial_layer": [
        "280"
    ],
    "overhang_fan_speed": [
        "40"
    ],
    "overhang_fan_threshold": [
        "0%"
    ],
    "temperature_vitrification": [
        "170"
    ]
}