{
    "type": "filament",
    "name": "Bambu PC FR @BBL P1S",
    "inherits": "Bambu PC FR @base",
    "from": "system",
    "setting_id": "GFSC01_04",
    "instantiation": "true",
    "eng_plate_temp": [
        "100"
    ],
    "eng_plate_temp_initial_layer": [
        "100"
    ],
    "fan_max_speed": [
        "40"
    ],
    "hot_plate_temp": [
        "100"
    ],
    "hot_plate_temp_initial_layer": [
        "100"
    ],
    "slow_down_layer_time": [
        "12"
    ],
    "textured_plate_temp": [
        "100"
    ],
    "textured_plate_temp_initial_layer": [
        "100"
    ],
    "compatible_printers": [
        "Bambu Lab P1S 0.4 nozzle"
    ]
}