{
    "type": "filament",
    "name": "Bambu ABS @BBL X1C 0.8 nozzle",
    "inherits": "Bambu ABS @base",
    "from": "system",
    "setting_id": "GFSB00_01",
    "instantiation": "true",
    "fan_max_speed": [
        "60"
    ],
    "filament_long_retractions_when_cut": [
        "1"
    ],
    "filament_max_volumetric_speed": [
        "18"
    ],
    "filament_retraction_distances_when_cut": [
        "18"
    ],
    "nozzle_temperature": [
        "260"
    ],
    "slow_down_layer_time": [
        "12"
    ],
    "slow_down_min_speed": [
        "10"
    ],
    "compatible_printers": [
        "Bambu Lab X1 Carbon 0.8 nozzle",
        "Bambu Lab X1 0.8 nozzle",
        "Bambu Lab P1S 0.8 nozzle"
    ]
}