{
    "type": "filament",
    "name": "Bambu PC @BBL P1S 0.6 nozzle",
    "inherits": "Bambu PC @BBL X1C 0.6 nozzle",
    "from": "system",
    "setting_id": "GFSC00_08",
    "instantiation": "true",
    "eng_plate_temp": [
        "100"
    ],
    "eng_plate_temp_initial_layer": [
        "100"
    ],
    "hot_plate_temp": [
        "100"
    ],
    "hot_plate_temp_initial_layer": [
        "100"
    ],
    "textured_plate_temp": [
        "100"
    ],
    "textured_plate_temp_initial_layer": [
        "100"
    ],
    "compatible_printers": [
        "Bambu Lab P1S 0.6 nozzle"
    ]
}