{
    "type": "filament",
    "name": "Bambu Support For PLA/PETG @BBL X1C 0.2 nozzle",
    "inherits": "Bambu Support For PLA/PETG @base",
    "from": "system",
    "setting_id": "GFSS05_01",
    "instantiation": "true",
    "eng_plate_temp": [
        "60"
    ],
    "eng_plate_temp_initial_layer": [
        "60"
    ],
    "filament_long_retractions_when_cut": [
        "1"
    ],
    "filament_max_volumetric_speed": [
        "0.5"
    ],
    "filament_retraction_distances_when_cut": [
        "18"
    ],
    "compatible_printers": [
        "Bambu Lab P1S 0.2 nozzle",
        "Bambu Lab X1 0.2 nozzle",
        "Bambu Lab X1 Carbon 0.2 nozzle",
        "Bambu Lab X1E 0.2 nozzle"
    ]
}