{
    "type": "filament",
    "name": "Bambu PLA Wood @base",
    "inherits": "fdm_filament_pla",
    "from": "system",
    "filament_id": "GFA16",
    "instantiation": "false",
    "filament_cost": [
        "24.99"
    ],
    "filament_density": [
        "1.21"
    ],
    "filament_flow_ratio": [
        "0.98"
    ],
    "filament_long_retractions_when_cut": [
        "1"
    ],
    "filament_max_volumetric_speed": [
        "18"
    ],
    "filament_retraction_distances_when_cut": [
        "18"
    ],
    "filament_scarf_seam_type": [
        "none"
    ],
    "filament_vendor": [
        "Bambu Lab"
    ],
    "filament_start_gcode": [
        "; filament start gcode\n{if  (bed_temperature[current_extruder] >55)||(bed_temperature_initial_layer[current_extruder] >55)}M106 P3 S200\n{elsif(bed_temperature[current_extruder] >50)||(bed_temperature_initial_layer[current_extruder] >50)}M106 P3 S150\n{elsif(bed_temperature[current_extruder] >45)||(bed_temperature_initial_layer[current_extruder] >45)}M106 P3 S50\n{endif}\nM142 P1 R35 S40\n{if activate_air_filtration[current_extruder] && support_air_filtration}\nM106 P3 S{during_print_exhaust_fan_speed_num[current_extruder]} \n{endif}"
    ]
}