{
    "type": "filament",
    "name": "Bambu Support For PLA/PETG @BBL P1P",
    "inherits": "Bambu Support For PLA/PETG @base",
    "from": "system",
    "setting_id": "GFSS05_02",
    "instantiation": "true",
    "eng_plate_temp": [
        "65"
    ],
    "eng_plate_temp_initial_layer": [
        "65"
    ],
    "filament_long_retractions_when_cut": [
        "1"
    ],
    "filament_retraction_distances_when_cut": [
        "18"
    ],
    "hot_plate_temp": [
        "65"
    ],
    "hot_plate_temp_initial_layer": [
        "65"
    ],
    "textured_plate_temp": [
        "65"
    ],
    "textured_plate_temp_initial_layer": [
        "65"
    ],
    "compatible_printers": [
        "Bambu Lab P1P 0.4 nozzle",
        "Bambu Lab P1P 0.6 nozzle",
        "Bambu Lab P1P 0.8 nozzle"
    ]
}