{
    "type": "filament",
    "name": "Bambu PETG-CF @BBL A1M",
    "inherits": "Bambu PETG-CF @base",
    "from": "system",
    "setting_id": "GFSG50_00",
    "instantiation": "true",
    "filament_long_retractions_when_cut": [
        "1"
    ],
    "filament_max_volumetric_speed": [
        "9"
    ],
    "filament_retraction_distances_when_cut": [
        "18"
    ],
    "textured_plate_temp_initial_layer": [
        "65"
    ],
    "compatible_printers": [
        "Bambu Lab A1 mini 0.6 nozzle",
        "Bambu Lab A1 mini 0.8 nozzle"
    ]
}