{
    "type": "filament",
    "name": "Bambu PLA Galaxy @BBL P1P 0.2 nozzle",
    "inherits": "Bambu PLA Galaxy @base",
    "from": "system",
    "setting_id": "GFSA15_04",
    "instantiation": "true",
    "fan_cooling_layer_time": [
        "80"
    ],
    "fan_min_speed": [
        "50"
    ],
    "filament_long_retractions_when_cut": [
        "1"
    ],
    "filament_max_volumetric_speed": [
        "2"
    ],
    "filament_retraction_distances_when_cut": [
        "18"
    ],
    "hot_plate_temp": [
        "65"
    ],
    "hot_plate_temp_initial_layer": [
        "65"
    ],
    "textured_plate_temp": [
        "65"
    ],
    "textured_plate_temp_initial_layer": [
        "65"
    ],
    "compatible_printers": [
        "Bambu Lab P1P 0.2 nozzle"
    ]
}