{
    "type": "filament",
    "name": "Bambu TPU for AMS @BBL P1P",
    "inherits": "Bambu TPU for AMS @base",
    "from": "system",
    "setting_id": "GFSU02_01",
    "instantiation": "true",
    "fan_max_speed": [
        "40"
    ],
    "compatible_printers": [
        "Bambu Lab P1P 0.4 nozzle",
        "Bambu Lab P1P 0.6 nozzle",
        "Bambu Lab P1P 0.8 nozzle",
        "Bambu Lab X1 0.4 nozzle",
        "Bambu Lab X1 0.6 nozzle",
        "Bambu Lab X1 0.8 nozzle"
    ]
}