{
    "type": "filament",
    "name": "Bambu PETG Basic @BBL X1C 0.8 nozzle",
    "inherits": "Bambu PETG Basic @base",
    "from": "system",
    "setting_id": "GFSG00_02",
    "instantiation": "true",
    "fan_max_speed": [
        "60"
    ],
    "fan_min_speed": [
        "20"
    ],
    "filament_long_retractions_when_cut": [
        "1"
    ],
    "filament_retraction_distances_when_cut": [
        "18"
    ],
    "filament_max_volumetric_speed": [
        "16"
    ],
    "compatible_printers": [
        "Bambu Lab X1 Carbon 0.6 nozzle",
        "Bambu Lab X1 0.6 nozzle",
        "Bambu Lab P1P 0.6 nozzle",
        "Bambu Lab X1 Carbon 0.8 nozzle",
        "Bambu Lab X1 0.8 nozzle",
        "Bambu Lab P1P 0.8 nozzle",
        "Bambu Lab P1S 0.6 nozzle",
        "Bambu Lab P1S 0.8 nozzle",
        "Bambu Lab X1E 0.6 nozzle",
        "Bambu Lab X1E 0.8 nozzle"
    ]
}