{
    "type": "filament",
    "name": "Bambu PLA Silk+ @BBL A1M 0.2 nozzle",
    "inherits": "Bambu PLA Silk+ @base",
    "from": "system",
    "setting_id": "GFSA06_08",
    "instantiation": "true",
    "fan_cooling_layer_time": [
        "80"
    ],
    "fan_max_speed": [
        "80"
    ],
    "fan_min_speed": [
        "60"
    ],
    "filament_max_volumetric_speed": [
        "2"
    ],
    "hot_plate_temp": [
        "60"
    ],
    "hot_plate_temp_initial_layer": [
        "60"
    ],
    "slow_down_layer_time": [
        "8"
    ],
    "supertack_plate_temp": [
        "35"
    ],
    "supertack_plate_temp_initial_layer": [
        "35"
    ],
    "textured_plate_temp": [
        "60"
    ],
    "textured_plate_temp_initial_layer": [
        "60"
    ],
    "compatible_printers": [
        "Bambu Lab A1 mini 0.2 nozzle"
    ]
}