{
    "type": "filament",
    "name": "Bambu TPU 95A HF @BBL A1M",
    "inherits": "Bambu TPU 95A HF @base",
    "from": "system",
    "setting_id": "GFSU00_05",
    "instantiation": "true",
    "hot_plate_temp": [
        "30"
    ],
    "hot_plate_temp_initial_layer": [
        "30"
    ],
    "textured_plate_temp": [
        "30"
    ],
    "textured_plate_temp_initial_layer": [
        "30"
    ],
    "compatible_printers": [
        "Bambu Lab A1 mini 0.4 nozzle",
        "Bambu Lab A1 mini 0.6 nozzle",
        "Bambu Lab A1 mini 0.8 nozzle"
    ]
}