{
    "type": "filament",
    "name": "Bambu ABS-GF @base",
    "inherits": "fdm_filament_abs",
    "from": "system",
    "filament_id": "GFB50",
    "instantiation": "false",
    "description": "When printing this filament, there's a risk of nozzle clogging, oozing, warping and low layer adhesion strength. To get better results, please refer to this wiki: Printing Tips for High Temp / Engineering materials.",
    "fan_cooling_layer_time": [
        "12"
    ],
    "fan_max_speed": [
        "30"
    ],
    "filament_cost": [
        "29.99"
    ],
    "filament_density": [
        "1.08"
    ],
    "filament_flow_ratio": [
        "0.95"
    ],
    "filament_max_volumetric_speed": [
        "12"
    ],
    "filament_type": [
        "ABS-GF"
    ],
    "filament_vendor": [
        "Bambu Lab"
    ],
    "overhang_fan_speed": [
        "30"
    ],
    "overhang_fan_threshold": [
        "10%"
    ],
    "slow_down_layer_time": [
        "4"
    ]
}