{
    "type": "filament",
    "name": "Bambu PLA Glow @BBL X1",
    "inherits": "Bambu PLA Glow @base",
    "from": "system",
    "setting_id": "GFSA12_08",
    "instantiation": "true",
    "filament_long_retractions_when_cut": [
        "1"
    ],
    "filament_retraction_distances_when_cut": [
        "18"
    ],
    "slow_down_layer_time": [
        "8"
    ],
    "compatible_printers": [
        "Bambu Lab X1 0.4 nozzle",
        "Bambu Lab X1 0.6 nozzle",
        "Bambu Lab X1 0.8 nozzle"
    ]
}