{
    "type": "filament",
    "name": "fdm_filament_pctg",
    "inherits": "fdm_filament_common",
    "from": "system",
    "instantiation": "false",
    "eng_plate_temp": [
        "0"
    ],
    "eng_plate_temp_initial_layer": [
        "0"
    ],
    "fan_cooling_layer_time": [
        "20"
    ],
    "fan_min_speed": [
        "20"
    ],
    "filament_cost": [
        "30"
    ],
    "filament_density": [
        "1.27"
    ],
    "filament_max_volumetric_speed": [
        "25"
    ],
    "filament_type": [
        "PCTG"
    ],
    "hot_plate_temp": [
        "80"
    ],
    "hot_plate_temp_initial_layer": [
        "80"
    ],
    "nozzle_temperature": [
        "255"
    ],
    "nozzle_temperature_initial_layer": [
        "255"
    ],
    "nozzle_temperature_range_high": [
        "260"
    ],
    "nozzle_temperature_range_low": [
        "220"
    ],
    "reduce_fan_stop_start_freq": [
        "1"
    ],
    "supertack_plate_temp": [
        "0"
    ],
    "supertack_plate_temp_initial_layer": [
        "0"
    ],
    "temperature_vitrification": [
        "70"
    ],
    "textured_plate_temp": [
        "80"
    ],
    "textured_plate_temp_initial_layer": [
        "80"
    ],
    "filament_start_gcode": [
        "; filament start gcode\n{if (bed_temperature[current_extruder] >45)||(bed_temperature_initial_layer[current_extruder] >45)}M106 P3 S180\n{elsif (bed_temperature[current_extruder] >50)||(bed_temperature_initial_layer[current_extruder] >50)}M106 P3 S255\n{endif};Prevent PLA from jamming\n\n{if activate_air_filtration[current_extruder] && support_air_filtration}\nM106 P3 S{during_print_exhaust_fan_speed_num[current_extruder]} \n{endif}"
    ]
}