{
    "type": "filament",
    "name": "Generic ASA @BBL A1",
    "inherits": "Generic ASA @base",
    "from": "system",
    "setting_id": "GFSB98_04",
    "instantiation": "true",
    "hot_plate_temp": [
        "100"
    ],
    "hot_plate_temp_initial_layer": [
        "100"
    ],
    "textured_plate_temp": [
        "100"
    ],
    "textured_plate_temp_initial_layer": [
        "100"
    ],
    "compatible_printers": [
        "Bambu Lab A1 0.4 nozzle",
        "Bambu Lab A1 0.6 nozzle",
        "Bambu Lab A1 0.8 nozzle"
    ]
}