{
    "type": "filament",
    "setting_id": "AliZPX1FSA04",
    "name": "AliZ PA-CF @P1-X1",
    "from": "system",
    "instantiation": "true",
    "inherits": "AliZ PA-CF @base",
    "enable_pressure_advance": [
        "1"
    ],
    "pressure_advance": [
        "0.026"
    ],
    "compatible_printers": [
            "Bambu Lab X1 Carbon 0.4 nozzle",
            "Bambu Lab X1 0.4 nozzle",
            "Bambu Lab P1P 0.4 nozzle",
            "Bambu Lab P1S 0.4 nozzle",
            "Bambu Lab X1E 0.4 nozzle"
        ]
}