{
    "type": "filament",
    "name": "AliZ PETG-Metal @P1-X1",
    "inherits": "AliZ PETG-Metal @base",
    "from": "system",
    "setting_id": "AliZPX1FSG50",
    "instantiation": "true",    
    "enable_pressure_advance": [
        "1"
    ],
    "pressure_advance": [
        "0.026"
    ],
    "compatible_printers": [
        "Bambu Lab X1 Carbon 0.4 nozzle",
        "Bambu Lab X1 0.4 nozzle",
        "Bambu Lab P1P 0.4 nozzle",
        "Bambu Lab P1S 0.4 nozzle",
        "Bambu Lab X1E 0.4 nozzle"
    ]
}