{
    "type": "machine_model",
    "name": "Anycubic Kobra 3",
    "machine_tech": "FFF",
    "family": "Anycubic",
    "model_id": "Anycubic Kobra 3",
    "nozzle_diameter": "0.2;0.4;0.6;0.8",
    "bed_model": "Anycubic Kobra 3_buildplate_model.stl",
    "bed_texture": "Anycubic Kobra 3_buildplate_texture.svg",
    "hotend_model": "",
    "default_materials": "Anycubic PLA @Anycubic Kobra 3 0.4 nozzle;Anycubic PLA SE @Anycubic Kobra 3 0.4 nozzle;Anycubic PLA High Speed @Anycubic Kobra 3 0.4 nozzle;Generic ABS @Anycubic Kobra 3 0.4 nozzle;Anycubic PLA Silk @Anycubic Kobra 3 0.4 nozzle;Anycubic PETG @Anycubic Kobra 3 0.4 nozzle;Generic TPU @Anycubic Kobra 3 0.4 nozzle;Anycubic PLA+ @Anycubic Kobra 3 0.4 nozzle;Anycubic PLA Matte @Anycubic Kobra 3 0.4 nozzle;Anycubic PLA Glow @Anycubic Kobra 3 0.4 nozzle;Anycubic PLA Slik @Anycubic Kobra 3 0.4 nozzle;Anycubic ASA @Anycubic Kobra 3 0.4 nozzle;Anycubic PLA @Anycubic Kobra 3 0.2 nozzle;Anycubic PLA @Anycubic Kobra 3 0.6 nozzle;Anycubic PLA @Anycubic Kobra 3 0.8 nozzle"
}