{
    "type": "machine_model",
    "name": "Anycubic Kobra S1",
    "machine_tech": "FFF",
    "family": "Anycubic",
    "model_id": "Anycubic Kobra S1",
    "nozzle_diameter": "0.4",
    "bed_model": "Anycubic Kobra S1_buildplate_model.stl",
    "bed_texture": "Anycubic Kobra S1_buildplate_texture.svg",
    "hotend_model": "",
    "default_materials": "Anycubic PLA @Anycubic Kobra S1 0.4 nozzle;Anycubic PLA SE @Anycubic Kobra S1 0.4 nozzle;Anycubic PLA High Speed @Anycubic Kobra S1 0.4 nozzle;Anycubic PLA Silk @Anycubic Kobra S1 0.4 nozzle;Anycubic PETG @Anycubic Kobra S1 0.4 nozzle;Anycubic PLA+ @Anycubic Kobra S1 0.4 nozzle;Anycubic PLA Matte @Anycubic Kobra S1 0.4 nozzle;Anycubic PLA Glow @Anycubic Kobra S1 0.4 nozzle;Anycubic ASA @Anycubic Kobra S1 0.4 nozzle;Anycubic ABS @Anycubic Kobra S1 0.4 nozzle;Anycubic ASA @Anycubic Kobra S1 0.4 nozzle;Anycubic PA @Anycubic Kobra S1 0.4 nozzle;Anycubic PC @Anycubic Kobra S1 0.4 nozzle;Anycubic PETG @Anycubic Kobra S1 0.4 nozzle;Anycubic PVA @Anycubic Kobra S1 0.4 nozzle;Anycubic TPU @Anycubic Kobra S1 0.4 nozzle;Anycubic PLA+ @Anycubic Kobra S1 0.4 nozzle"
}