{
    "00.00.00.00": {
        "display_name": "Bambu Lab P1P",
        "print": {
            "ipcam": {
                "resolution_supported":  [ "720p" ],
                "liveview": {
                    "local": "local"
                }
            },
            "support_motor_noise_cali":false,
            "support_tunnel_mqtt":false,
            "support_mqtt_alive":false,
            "support_command_ams_switch":false,
            "support_cloud_print_only":true,
            "support_1080dpi":false,
            "support_prompt_sound":false,
            "support_ams_humidity":true,
            "support_auto_recovery_step_loss":true,
            "support_auto_leveling":true,
            "support_update_remain":true,
            "support_timelapse":true,
            "support_filament_backup":true,
            "support_chamber_fan":true,
            "support_aux_fan":true,
            "support_send_to_sd":false,
            "support_print_all":false,
            "support_print_without_sd":false,
            "support_flow_calibration":false,
            "support_build_plate_marker_detect":false,
            "support_lidar_calibration":false,
            "support_ai_monitoring":false,
            "support_first_layer_inspect":false,
            "support_chamber_temp_edit":false,
            "support_extrusion_cali":true,
            "support_user_preset":false,
            "bed_temperature_limit": 100
        },
        "model_id": "C11",
        "compatible_machine":["BL-P001", "BL-P002", "C12", "C13"],
        "printer_type": "C11",
        "ftp_folder" : "sdcard/",
        "printer_thumbnail_image": "printer_thumbnail_p1p",
        "printer_connect_help_image": "input_access_code_p1p",
        "printer_use_ams_image":"ams_icon",
        "use_ams_type":"generic",
        "printer_arch" : "core_xy",
        "printer_series":"series_p1p",
        "has_cali_line":false,
        "printer_is_enclosed":false
    }, 
    "01.02.00.00": {
        "print": {
            "support_send_to_sd":true
        }
    },
    "01.02.99.00": {
        "print": {
            "ipcam": {
                "liveview": {
                    "remote": "tutk"
                }
            }
        }
    },
    "01.02.99.10" : {
        "print": {
            "support_command_ams_switch":true
        }
    },
    "01.03.50.01" : {
        "engineer":"00.06.03.51",
        "print": {
            "support_mqtt_alive":true,
            "support_tunnel_mqtt":true
        }
    },
    "01.04.50.01": {
        "print": {
            "ipcam": {
                "file": {
                    "remote": "tutk"
                }
            },
            "support_user_preset":true
        }
    }
}
