{
    "00.00.00.00": {
        "display_name": "Bambu Lab X1E",
        "print": {
            "ipcam": {
                "resolution_supported": [ "720p", "1080p" ],
                "virtual_camera": "enabled",
                "liveview": {
                    "remote": "tutk"
                },
                "file": {
                    "remote": "tutk",
                    "model_download": "enabled"
                }
            },
            "support_motor_noise_cali":false,
            "support_tunnel_mqtt":true,
            "support_mqtt_alive":true,
            "support_command_ams_switch":true,
            "support_ssl_for_mqtt":true,
            "support_cloud_print_only":false,
            "support_1080dpi":true,
            "support_prompt_sound":false,
            "support_ams_humidity":true,
            "support_auto_recovery_step_loss":true,
            "support_auto_leveling":true,
            "support_update_remain":true,
            "support_timelapse":true,
            "support_filament_backup":true,
            "support_chamber_fan":true,
            "support_aux_fan":true,
            "support_send_to_sd":true,
            "support_print_all":true,
            "support_print_without_sd":true,
            "support_flow_calibration":true,
            "support_build_plate_marker_detect":true,
            "support_lidar_calibration":true,
            "support_ai_monitoring":true,
            "support_first_layer_inspect":true,
            "support_chamber_temp_edit":true,
            "support_extrusion_cali":false,
            "support_user_preset":false,
            "bed_temperature_limit": 110,
            "nozzle_max_temperature": 320
        },
        "model_id": "C13",
        "compatible_machine":["BL-P001", "BL-P002", "C11", "C12"],
        "printer_type": "C13",
        "printer_thumbnail_image": "printer_thumbnail",
        "printer_connect_help_image": "input_access_code_x1",
        "printer_use_ams_image":"ams_icon",
        "use_ams_type":"generic",
        "printer_arch" : "core_xy",
        "printer_series":"series_x1",
        "has_cali_line":true,
        "printer_is_enclosed":true
    }, 
    "01.05.06.06": {
        "rv2166": "00.00.21.20"
    }
}