{
    "type": "filament",
    "name": "Anycubic Generic TPU",
    "inherits": "fdm_filament_tpu",
    "from": "system",
    "setting_id": "GFSA04",
    "filament_id": "GFU99",
    "instantiation": "true",
    "filament_max_volumetric_speed": [
        "3.2"
    ],
    "compatible_printers": [
        "Anycubic i3 Mega S 0.4 nozzle",
        "Anycubic Chiron 0.4 nozzle",
        "Anycubic Vyper 0.4 nozzle",
        "Anycubic Kobra 0.4 nozzle",
        "Anycubic Kobra Max 0.4 nozzle",
        "Anycubic Kobra Plus 0.4 nozzle",
        "Anycubic 4Max Pro 0.4 nozzle",
        "Anycubic 4Max Pro 2 0.4 nozzle",
        "Anycubic Kobra 2 0.4 nozzle",
        "Anycubic Kobra 3 0.4 nozzle"
    ]
}