{
    "type": "filament",
    "name": "Anycubic Generic PA",
    "inherits": "fdm_filament_pa",
    "from": "system",
    "setting_id": "GFSA04",
    "filament_id": "GFN99",
    "instantiation": "true",
    "nozzle_temperature_initial_layer": [
        "280"
    ],
    "nozzle_temperature": [
        "280"
    ],
    "filament_max_volumetric_speed": [
        "12"
    ],
    "compatible_printers": [
        "Anycubic i3 Mega S 0.4 nozzle",
        "Anycubic Chiron 0.4 nozzle",
        "Anycubic Vyper 0.4 nozzle",
        "Anycubic Kobra 0.4 nozzle",
        "Anycubic Kobra Max 0.4 nozzle",
        "Anycubic Kobra Plus 0.4 nozzle",
        "Anycubic 4Max Pro 0.4 nozzle",
        "Anycubic 4Max Pro 2 0.4 nozzle",
        "Anycubic Kobra 2 0.4 nozzle"
    ]
}