{
    "type": "filament",
    "name": "Anycubic Generic PETG",
    "inherits": "fdm_filament_pet",
    "from": "system",
    "setting_id": "GFSA04",
    "filament_id": "GFG99",
    "instantiation": "true",
    "reduce_fan_stop_start_freq": [
        "1"
    ],
    "slow_down_for_layer_cooling": [
        "1"
    ],
    "fan_cooling_layer_time": [
        "30"
    ],
    "overhang_fan_speed": [
        "90"
    ],
    "overhang_fan_threshold": [
        "25%"
    ],
    "fan_max_speed": [
        "90"
    ],
    "fan_min_speed": [
        "40"
    ],
    "slow_down_min_speed": [
        "10"
    ],
    "slow_down_layer_time": [
        "8"
    ],
    "filament_flow_ratio": [
        "0.95"
    ],
    "filament_max_volumetric_speed": [
        "10"
    ],
    "filament_start_gcode": [
        "; filament start gcode\n"
    ],
    "compatible_printers": [
        "Anycubic i3 Mega S 0.4 nozzle",
        "Anycubic Chiron 0.4 nozzle",
        "Anycubic Vyper 0.4 nozzle",
        "Anycubic Kobra 0.4 nozzle",
        "Anycubic Kobra Max 0.4 nozzle",
        "Anycubic Kobra Plus 0.4 nozzle",
        "Anycubic 4Max Pro 0.4 nozzle",
        "Anycubic 4Max Pro 2 0.4 nozzle",
        "Anycubic Kobra 2 0.4 nozzle",
        "Anycubic Kobra 3 0.4 nozzle"
    ]
}