{
    "type": "filament",
    "name": "Anycubic Generic PC",
    "inherits": "fdm_filament_pc",
    "from": "system",
    "setting_id": "GFSA04",
    "filament_id": "GFC99",
    "instantiation": "true",
    "filament_max_volumetric_speed": [
        "12"
    ],
    "filament_flow_ratio": [
        "0.94"
    ],
    "compatible_printers": [
        "Anycubic i3 Mega S 0.4 nozzle",
        "Anycubic Chiron 0.4 nozzle",
        "Anycubic Vyper 0.4 nozzle",
        "Anycubic Kobra 0.4 nozzle",
        "Anycubic Kobra Max 0.4 nozzle",
        "Anycubic Kobra Plus 0.4 nozzle",
        "Anycubic 4Max Pro 0.4 nozzle",
        "Anycubic 4Max Pro 2 0.4 nozzle",
        "Anycubic Kobra 2 0.4 nozzle"
    ]
}