{
    "type": "filament",
    "name": "fdm_filament_asa",
    "inherits": "fdm_filament_common",
    "from": "system",
    "instantiation": "false",
    "filament_type": [
        "ASA"
    ],
    "cool_plate_temp": [
        "105"
    ],
    "eng_plate_temp": [
        "105"
    ],
    "hot_plate_temp": [
        "105"
    ],
    "cool_plate_temp_initial_layer": [
        "105"
    ],
    "eng_plate_temp_initial_layer": [
        "105"
    ],
    "hot_plate_temp_initial_layer": [
        "105"
    ],
    "slow_down_for_layer_cooling": [
        "1"
    ],
    "close_fan_the_first_x_layers": [
        "3"
    ],
    "fan_cooling_layer_time": [
        "35"
    ],
    "filament_max_volumetric_speed": [
        "28.6"
    ],
    "filament_density": [
        "1.04"
    ],
    "filament_cost": [
        "20"
    ],
    "nozzle_temperature_initial_layer": [
        "260"
    ],
    "reduce_fan_stop_start_freq": [
        "1"
    ],
    "fan_max_speed": [
        "80"
    ],
    "fan_min_speed": [
        "10"
    ],
    "overhang_fan_threshold": [
        "25%"
    ],
    "overhang_fan_speed": [
        "80"
    ],
    "nozzle_temperature": [
        "260"
    ],
    "temperature_vitrification": [
        "110"
    ],
    "nozzle_temperature_range_low": [
        "240"
    ],
    "nozzle_temperature_range_high": [
        "270"
    ],
    "slow_down_min_speed": [
        "10"
    ],
    "slow_down_layer_time": [
        "3"
    ]
}