{
    "type": "filament",
    "name": "fdm_filament_pa",
    "inherits": "fdm_filament_common",
    "from": "system",
    "instantiation": "false",
    "filament_type": [
        "PA"
    ],
    "cool_plate_temp": [
        "0"
    ],
    "eng_plate_temp": [
        "100"
    ],
    "hot_plate_temp": [
        "100"
    ],
    "cool_plate_temp_initial_layer": [
        "0"
    ],
    "eng_plate_temp_initial_layer": [
        "100"
    ],
    "hot_plate_temp_initial_layer": [
        "100"
    ],
    "slow_down_for_layer_cooling": [
        "1"
    ],
    "close_fan_the_first_x_layers": [
        "3"
    ],
    "fan_cooling_layer_time": [
        "4"
    ],
    "filament_max_volumetric_speed": [
        "8"
    ],
    "filament_density": [
        "1.04"
    ],
    "filament_cost": [
        "20"
    ],
    "nozzle_temperature_initial_layer": [
        "290"
    ],
    "reduce_fan_stop_start_freq": [
        "0"
    ],
    "fan_max_speed": [
        "60"
    ],
    "fan_min_speed": [
        "0"
    ],
    "overhang_fan_speed": [
        "30"
    ],
    "nozzle_temperature": [
        "290"
    ],
    "temperature_vitrification": [
        "108"
    ],
    "nozzle_temperature_range_low": [
        "270"
    ],
    "nozzle_temperature_range_high": [
        "300"
    ],
    "slow_down_min_speed": [
        "10"
    ],
    "slow_down_layer_time": [
        "2"
    ]
}