{
    "type": "filament",
    "name": "FusRock ABS-GF @BBL H2D",
    "inherits": "FusRock ABS-GF @base",
    "from": "system",
    "setting_id": "GFSR00_03",
    "instantiation": "true",
    "chamber_temperatures": [
        "60"
    ],
    "filament_deretraction_speed": [
        "nil",
        "nil"
    ],
    "filament_flow_ratio": [
        "0.92",
        "0.92"
    ],
    "filament_long_retractions_when_cut": [
        "nil",
        "nil"
    ],
    "filament_max_volumetric_speed": [
        "20",
        "20"
    ],
    "filament_retract_before_wipe": [
        "nil",
        "nil"
    ],
    "filament_retract_restart_extra": [
        "nil",
        "nil"
    ],
    "filament_retract_when_changing_layer": [
        "nil",
        "nil"
    ],
    "filament_retraction_distances_when_cut": [
        "nil",
        "nil"
    ],
    "filament_retraction_length": [
        "nil",
        "nil"
    ],
    "filament_retraction_minimum_travel": [
        "nil",
        "nil"
    ],
    "filament_retraction_speed": [
        "nil",
        "nil"
    ],
    "filament_wipe": [
        "nil",
        "nil"
    ],
    "filament_wipe_distance": [
        "nil",
        "nil"
    ],
    "filament_z_hop": [
        "nil",
        "nil"
    ],
    "filament_z_hop_types": [
        "nil",
        "nil"
    ],
    "filament_extruder_variant": [
        "Direct Drive Standard",
        "Direct Drive High Flow"
    ],
    "filament_ramming_volumetric_speed": [
        "-1",
        "-1"
    ],
    "filament_pre_cooling_temperature": [
        "0",
        "0"
    ],
    "filament_ramming_travel_time": [
        "0",
        "0"
    ],
    "nozzle_temperature": [
        "270",
        "270"
    ],
    "nozzle_temperature_initial_layer": [
        "260",
        "260"
    ],
    "compatible_printers": [
        "Bambu Lab H2D 0.4 nozzle",
        "Bambu Lab H2D 0.6 nozzle",
        "Bambu Lab H2D 0.8 nozzle"
    ],
    "filament_start_gcode": [
        "; filament start gcode\nM145 P1 ; set airduct mode to heating mode\n"
    ],
    "filament_end_gcode": [
        "; filament end gcode \n"
    ]
}