{
    "type": "filament",
    "name": "FusRock ABS-GF @BBL X1C",
    "inherits": "FusRock ABS-GF @base",
    "from": "system",
    "setting_id": "GFSR00_05",
    "instantiation": "true",
    "filament_long_retractions_when_cut": [
        "1"
    ],
    "filament_retraction_distances_when_cut": [
        "18"
    ],
    "compatible_printers": [
        "Bambu Lab P1S 0.4 nozzle",
        "Bambu Lab P1S 0.6 nozzle",
        "Bambu Lab P1S 0.8 nozzle",
        "Bambu Lab X1 0.4 nozzle",
        "Bambu Lab X1 0.6 nozzle",
        "Bambu Lab X1 0.8 nozzle",
        "Bambu Lab X1 Carbon 0.4 nozzle",
        "Bambu Lab X1 Carbon 0.6 nozzle",
        "Bambu Lab X1 Carbon 0.8 nozzle",
        "Bambu Lab X1E 0.4 nozzle",
        "Bambu Lab X1E 0.6 nozzle",
        "Bambu Lab X1E 0.8 nozzle"
    ]
}