{
    "type": "filament",
    "name": "FusRock ABS-GF @BBL A1",
    "inherits": "FusRock ABS-GF @base",
    "from": "system",
    "setting_id": "GFSR00_01",
    "instantiation": "true",
    "filament_notes": "//EN\n1.Be sure to read it carefully before using (https://wiki.fusrock.com).\n2.When printing this filament, there's a risk of nozzle clogging, oozing, warping and low layer adhesion strength. To get better results, please refer to this wiki: Printing Tips for High Temp / Engineering materials（https://wiki.fusrock.com）.\\n3.Thank you for choosing FusRock. \n//CN\n1.使用前请务必仔细阅读（https://wiki.fusrock.com）。\n2.打印该耗材时，可能会出现喷嘴堵塞、拉丝、翘边以及层间附着力不足等问题。为了获得更好的打印效果，请参考此维基页面：高温 / 工程材料打印技巧（https://wiki.fusrock.com）。\n3.感谢您选择FusRock。",
    "filament_long_retractions_when_cut": [
        "1"
    ],
    "filament_retraction_distances_when_cut": [
        "18"
    ],
    "compatible_printers": [
        "Bambu Lab A1 0.4 nozzle",
        "Bambu Lab A1 0.6 nozzle",
        "Bambu Lab A1 0.8 nozzle"
    ]
}
