{
    "type": "process",
    "name": "0.20mm Standard @Anycubic 4MaxPro",
    "inherits": "fdm_process_common",
    "from": "system",
    "setting_id": "GP004",
    "instantiation": "true",
    "initial_layer_speed": "40",
    "initial_layer_infill_speed": "50",
    "outer_wall_speed": "35",
    "inner_wall_speed": "60",
    "sparse_infill_speed": "200",
    "internal_solid_infill_speed": "200",
    "top_surface_speed": "50",
    "gap_infill_speed": "40",
    "travel_speed": "180",
    "compatible_printers": [
        "Anycubic 4Max Pro 0.4 nozzle"
    ]
}