{
    "type": "process",
    "name": "0.30mm Draft @Anycubic Kobra",
    "inherits": "fdm_process_common",
    "from": "system",
    "setting_id": "GP004",
    "instantiation": "true",
    "adaptive_layer_height": "1",
    "reduce_crossing_wall": "0",
    "layer_height": "0.3",
    "max_travel_detour_distance": "0",
    "bottom_surface_pattern": "monotonic",
    "bottom_shell_layers": "5",
    "bottom_shell_thickness": "1.2",
    "bridge_flow": "1",
    "bridge_speed": "45",
    "brim_width": "8",
    "brim_object_gap": "0",
    "compatible_printers_condition": "",
    "print_sequence": "by layer",
    "default_acceleration": "1000",
    "top_surface_acceleration": "0",
    "bridge_no_support": "0",
    "draft_shield": "disabled",
    "elefant_foot_compensation": "0.2",
    "enable_arc_fitting": "0",
    "outer_wall_line_width": "0.4",
    "wall_infill_order": "inner wall/outer wall/infill",
    "line_width": "0.4",
    "infill_direction": "45",
    "sparse_infill_density": "15%",
    "sparse_infill_pattern": "crosshatch",
    "initial_layer_acceleration": "1000",
    "travel_acceleration": "0",
    "inner_wall_acceleration": "0",
    "initial_layer_line_width": "0.4",
    "initial_layer_print_height": "0.2",
    "infill_combination": "0",
    "sparse_infill_line_width": "0.4",
    "infill_wall_overlap": "15%",
    "interface_shells": "0",
    "ironing_flow": "15%",
    "ironing_spacing": "0.1",
    "ironing_speed": "15",
    "ironing_type": "no ironing",
    "reduce_infill_retraction": "1",
    "filename_format": "{input_filename_base}_{filament_type[initial_tool]}_{print_time}.gcode",
    "detect_overhang_wall": "1",
    "overhang_1_4_speed": "0",
    "overhang_2_4_speed": "20",
    "overhang_3_4_speed": "15",
    "overhang_4_4_speed": "10",
    "inner_wall_line_width": "0.4",
    "wall_loops": "2",
    "print_settings_id": "",
    "raft_layers": "0",
    "seam_position": "aligned",
    "skirt_distance": "5",
    "skirt_height": "1",
    "skirt_loops": "4",
    "skirt_speed": "60",
    "minimum_sparse_infill_area": "10",
    "internal_solid_infill_line_width": "0",
    "spiral_mode": "0",
    "standby_temperature_delta": "-5",
    "enable_support": "0",
    "resolution": "0.012",
    "support_type": "normal(auto)",
    "support_style": "grid",
    "support_on_build_plate_only": "0",
    "support_top_z_distance": "0.3",
    "support_filament": "0",
    "support_line_width": "0.4",
    "support_interface_loop_pattern": "0",
    "support_interface_filament": "0",
    "support_interface_top_layers": "3",
    "support_interface_bottom_layers": "-1",
    "support_interface_spacing": "0.3",
    "support_interface_speed": "100%",
    "support_base_pattern": "rectilinear",
    "support_base_pattern_spacing": "0.3",
    "support_speed": "90",
    "support_threshold_angle": "65",
    "support_object_xy_distance": "60%",
    "tree_support_branch_angle": "40",
    "tree_support_wall_count": "0",
    "detect_thin_wall": "1",
    "top_surface_pattern": "monotonic",
    "top_surface_line_width": "0.4",
    "top_shell_layers": "5",
    "top_shell_thickness": "1.2",
    "initial_layer_speed": "30",
    "initial_layer_infill_speed": "30",
    "outer_wall_speed": "60",
    "precise_outer_wall": "1",
    "inner_wall_speed": "60",
    "internal_solid_infill_speed": "90",
    "top_surface_speed": "60",
    "gap_infill_speed": "30",
    "sparse_infill_speed": "90",
    "travel_speed": "180",
    "enable_prime_tower": "0",
    "wipe_tower_no_sparse_layers": "0",
    "prime_tower_width": "60",
    "xy_hole_compensation": "0",
    "xy_contour_compensation": "0",
    "wipe_before_external_loop": "1",
    "wipe_on_loops": "1",
    "elefant_foot_compensation_layers": "5",
    "slowdown_for_curled_perimeters": "1",
    "compatible_printers": [
        "Anycubic Kobra 0.4 nozzle"
    ]
}